{
    "Aluminium": {
        "Blue": {
            "k": 5.5603, 
            "n": 0.69242
        }, 
        "Green": {
            "k": 6.215, 
            "n": 0.90352
        }, 
        "Red": {
            "k": 7.8182, 
            "n": 1.5089
        }
    }, 
    "Beryllium": {
        "Blue": {
            "k": 3.124, 
            "n": 3.1455
        }, 
        "Green": {
            "k": 3.1295, 
            "n": 3.2815
        }, 
        "Red": {
            "k": 3.2262, 
            "n": 3.4268
        }
    }, 
    "Cellulose": {
        "Blue": {
            "k": 0.0, 
            "n": 1.4774
        }, 
        "Green": {
            "k": 0.0, 
            "n": 1.473
        }, 
        "Red": {
            "k": 0.0, 
            "n": 1.4668
        }
    }, 
    "Copper": {
        "Blue": {
            "k": 2.2892, 
            "n": 1.2308
        }, 
        "Green": {
            "k": 2.4918, 
            "n": 0.80371
        }, 
        "Red": {
            "k": 3.9073, 
            "n": 0.22904
        }
    }, 
    "Gold": {
        "Blue": {
            "k": 1.7537, 
            "n": 1.1768
        }, 
        "Green": {
            "k": 2.1458, 
            "n": 0.53996
        }, 
        "Red": {
            "k": 3.7037, 
            "n": 0.17146
        }
    }, 
    "Iron": {
        "Blue": {
            "k": 2.8236, 
            "n": 2.6742
        }, 
        "Green": {
            "k": 2.9182, 
            "n": 2.897
        }, 
        "Red": {
            "k": 3.142, 
            "n": 2.892
        }
    }, 
    "Lead": {
        "Blue": {
            "k": 3.235, 
            "n": 1.59
        }, 
        "Green": {
            "k": 3.3625, 
            "n": 1.7875
        }, 
        "Red": {
            "k": 3.53, 
            "n": 1.85
        }
    }, 
    "Mercury": {
        "Blue": {
            "k": 4.053, 
            "n": 1.1656
        }, 
        "Green": {
            "k": 4.5227, 
            "n": 1.4638
        }, 
        "Red": {
            "k": 5.5267, 
            "n": 2.2364
        }
    }, 
    "Platinium": {
        "Blue": {
            "k": 3.2665, 
            "n": 1.8963
        }, 
        "Green": {
            "k": 3.6145, 
            "n": 2.0395
        }, 
        "Red": {
            "k": 4.4179, 
            "n": 2.471
        }
    }, 
    "Silver": {
        "Blue": {
            "k": 2.5741, 
            "n": 0.13674
        }, 
        "Green": {
            "k": 3.0557, 
            "n": 0.14293
        }, 
        "Red": {
            "k": 4.1443, 
            "n": 0.16426
        }
    }, 
    "Titanium": {
        "Blue": {
            "k": 3.1054, 
            "n": 2.3224
        }, 
        "Green": {
            "k": 3.3534, 
            "n": 2.4811
        }, 
        "Red": {
            "k": 3.896, 
            "n": 2.8067
        }
    }
}