{
    "aluminium": {
        "Red": {
            "k": 7.4737, 
            "n": 1.3424
        }, 
        "Green": {
            "k": 5.9741, 
            "n": 0.82373
        }, 
        "Blue": {
            "k": 5.5884, 
            "n": 0.70103
        }
    }
}
